Name,Score,Url
John Inman,53.3431809462,/content/pgatour/players/player.22400.hennie-otto.html
Brandt Snedeker,53.3864166368,/content/pgatour/players/player.01867.bobby-nichols.html
Stephen Gallacher,57.2348315871,/content/pgatour/players/player.01510.nolan-henke.html
Tyler Aldridge,57.5243276803,/content/pgatour/players/player.34431.robert-streb.html
Trevor Dodds,59.156067571,/content/pgatour/players/player.10885.robert-allenby.html
Ryan Brehm,59.2252846957,/content/pgatour/players/player.20070.matt-bettencourt.html
Skip Kendall,59.3072649585,/content/pgatour/players/player.37278.nicholas-lindheim.html
Stewart Cink,61.205615369,/content/pgatour/players/player.36699.patrick-rodgers.html
Jarrod Lyle,62.0597083958,/content/pgatour/players/player.28697.gaganjeet-bhullar.html
Craig Stadler,64.542519899,/content/pgatour/players/player.01811.cary-middlecoff.html
"Ted Potter, Jr.",66.527678739,/content/pgatour/players/player.06643.paul-goydos.html
Ken Duke,67.1672330109,/content/pgatour/players/player.28089.jason-day.html
Aaron Wise,67.6281946197,/content/pgatour/players/player.49964.aaron-wise.html
Lanny Wadkins,68.0729337992,/content/pgatour/players/player.27064.jhonattan-vegas.html
Chad Campbell,68.1054972222,/content/pgatour/players/player.20498.briny-baird.html
Matt Jones,68.2792657149,/content/pgatour/players/player.24925.jonathan-byrd.html
Kevin Chappell,68.3046294012,/content/pgatour/players/player.22892.jason-gore.html
Gary Hallberg,69.0113830046,/content/pgatour/players/player.23338.david-gossett.html
Mike Springer,69.1347241459,/content/pgatour/players/player.24357.k-j--choi.html
Russell Knox,69.2891114779,/content/pgatour/players/player.32876.martin-piller.html
Chris Stroud,69.9302004516,/content/pgatour/players/player.12652.cameron-beckman.html
Luke Donald,70.0664820513,/content/pgatour/players/player.21949.joe-ogilvie.html
Tom Lovelady,71.1810850336,/content/pgatour/players/player.23614.rich-beem.html
Joe Durant,71.8518442667,/content/pgatour/players/player.01876.greg-norman.html
Colt Knost,72.1630532267,/content/pgatour/players/player.33419.cameron-tringale.html
Retief Goosen,72.1659881897,/content/pgatour/players/player.26329.louis-oosthuizen.html
Patton Kizzire,72.8387283381,/content/pgatour/players/player.30110.kyle-stanley.html
Patrick Cantlay,73.3315604338,/content/pgatour/players/player.27119.koumei-oda.html
Stuart Appleby,73.3412150743,/content/pgatour/players/player.32757.patton-kizzire.html
Kevin Streelman,73.4467088222,/content/pgatour/players/player.01261.jay-delsing.html
Michael Putnam,74.3546338984,/content/pgatour/players/player.27330.josh-teater.html
Cameron Smith,74.3941343785,/content/pgatour/players/player.27644.brian-harman.html
Brian Gay,74.4990557032,/content/pgatour/players/player.35225.brandon-stone.html
Steve Wheatcroft,74.5358466692,/content/pgatour/players/player.24361.pat-perez.html
Jodie Mudd,74.7029150514,/content/pgatour/players/player.06012.greg-kraft.html
Ben Crane,74.9165333333,/content/pgatour/players/player.20628.arron-oberholser.html
Jordan Spieth,77.6509466415,/content/pgatour/players/player.02118.j-c--snead.html
Will MacKenzie,77.6650563773,/content/pgatour/players/player.23621.rory-sabbatini.html
Mark Wiebe,77.822726619,/content/pgatour/players/player.07235.john-morse.html
Steve Flesch,77.85219072,/content/pgatour/players/player.46501.ollie-schniederjans.html
Brian Bateman,78.5587307213,/content/pgatour/players/player.29974.branden-grace.html
Arjun Atwal,78.8772022684,/content/pgatour/players/player.31420.anirban-lahiri.html
Scott Hoch,78.9772092133,/content/pgatour/players/player.28486.michael-putnam.html
Chris Kirk,79.0513463391,/content/pgatour/players/player.01863.byron-nelson.html
Matt Dobyns,79.0753709647,/content/pgatour/players/player.46970.jon-rahm.html
Jon Curran,79.1334408313,/content/pgatour/players/player.34264.hudson-swafford.html
Spencer Levin,79.4383282051,/content/pgatour/players/player.31626.nick-gillespie.html
Brice Garnett,79.6054390516,/content/pgatour/players/player.29518.brendan-steele.html
Ethan Tracy,79.7921190263,/content/pgatour/players/player.29926.danny-lee.html
Tyrrell Hatton,79.8360407191,/content/pgatour/players/player.35376.roberto-diaz.html
Gil Morgan,79.893814863,/content/pgatour/players/player.01076.deane-beman.html
Brandon Hagy,79.8975251277,/content/pgatour/players/player.02223.bob-tway.html
Leonard Thompson,80.0111009302,/content/pgatour/players/player.25400.jiman-kang.html
Brian Harman,80.2536876996,/content/pgatour/players/player.06573.brandt-jobe.html
Brendon de Jonge,81.0343236985,/content/pgatour/players/player.46507.bobby-wyatt.html
Brian Campbell,81.621333449,/content/pgatour/players/player.46550.brandon-hagy.html
Scott Langley,81.7469112136,/content/pgatour/players/player.27024.michael-wright.html
Jerry Pate,81.8682565072,/content/pgatour/players/player.40065.george-roat.html
Billy Mayfair,81.9231743249,/content/pgatour/players/player.01418.bill-glasson.html
Seamus Power,82.1505044894,/content/pgatour/players/player.01782.mike-mccullough.html
Jason Gore,82.2454088437,/content/pgatour/players/player.01779.gary-mccord.html
Charlie Beljan,82.4050888908,/content/pgatour/players/player.47959.bryson-dechambeau.html
Tom Jenkins,82.5099428374,/content/pgatour/players/player.01355.raymond-floyd.html
Derek Ernst,82.6044131776,/content/pgatour/players/player.39328.conrad-shindler.html
Zach Johnson,82.638764955,/content/pgatour/players/player.28380.ryan-helminen.html
Craig Barlow,82.8726750787,/content/pgatour/players/player.12823.carlos-franco.html
Mackenzie Hughes,82.9921459069,/content/pgatour/players/player.01307.joel-edwards.html
Michael Thompson,83.0457918126,/content/pgatour/players/player.30191.julian-etulain.html
Jason Bohn,83.4813550315,/content/pgatour/players/player.20436.garrett-willis.html
Roger Sloan,83.5010572857,/content/pgatour/players/player.01715.mark-lye.html
Billy Hurley III,83.9405026089,/content/pgatour/players/player.01666.bernhard-langer.html
Brandon Askew,84.0216692364,/content/pgatour/players/player.12309.bob-sowards.html
Smylie Kaufman,84.074225634,/content/pgatour/players/player.01326.nick-faldo.html
Bud Cauley,84.2922245626,/content/pgatour/players/player.07223.brian-bateman.html
Andrew Landry,84.8296252624,/content/pgatour/players/player.28751.andrew-dodt.html
Paul Broadhurst,84.9292963754,/content/pgatour/players/player.22582.kyle-thompson.html
Cody Gribble,85.1177961378,/content/pgatour/players/player.35891.cameron-smith.html
David Toms,85.4300613085,/content/pgatour/players/player.22000.chris-wood.html
Bart Bryant,85.5413689892,/content/pgatour/players/player.01910.arnold-palmer.html
Lance Ten Broeck,85.7107076923,/content/pgatour/players/player.12660.jesper-parnevik.html
J.J. Henry,86.4774380699,/content/pgatour/players/player.10457.frank-nobilo.html
Thongchai Jaidee,86.9498666667,/content/pgatour/players/player.20634.peter-lonard.html
Grayson Murray,87.2142023187,/content/pgatour/players/player.10213.dicky-pride.html
Morgan Hoffmann,87.2801847765,/content/pgatour/players/player.33141.keegan-bradley.html
Dan Forsman,87.2984477867,/content/pgatour/players/player.02091.charles-sifford.html
Russell Henley,87.4228080549,/content/pgatour/players/player.27936.martin-laird.html
Bill Haas,87.5416790312,/content/pgatour/players/player.22621.ben-curtis.html
Jason Kokrak,87.7171479865,/content/pgatour/players/player.01955.gary-player.html
Vaughn Taylor,87.7833756567,/content/pgatour/players/player.05163.roberto-de-vicenzo.html
Bruce Fleisher,87.9311442416,/content/pgatour/players/player.35110.brett-drewitt.html
Charles Sifford,88.06525059,/content/pgatour/players/player.01690.bruce-lietzke.html
Branden Grace,88.1082306536,/content/pgatour/players/player.01851.bob-murphy.html
John Merrick,88.1720071816,/content/pgatour/players/player.30163.henrik-norlander.html
Josh Teater,88.233012487,/content/pgatour/players/player.01685.j-l--lewis.html
Jeff Overton,88.4893260378,/content/pgatour/players/player.22046.geoff-ogilvy.html
Wes Roach,89.2905189789,/content/pgatour/players/player.33486.roger-sloan.html
Andrew Putnam,89.4109803922,/content/pgatour/players/player.35300.andrew-loupe.html
Mike Grob,89.6156744399,/content/pgatour/players/player.25444.justin-hicks.html
Peter Jacobsen,89.7493052357,/content/pgatour/players/player.01577.lee-janzen.html
Blayne Barber,89.9412790565,/content/pgatour/players/player.23548.bill-lunde.html
Greg Owen,90.2405223587,/content/pgatour/players/player.01475.donnie-hammond.html
Wesley Bryan,90.3061400556,/content/pgatour/players/player.02160.ron-streck.html
Tim Simpson,90.4968125282,/content/pgatour/players/player.01096.phil-blackmar.html
Justin Thomas,90.7086964731,/content/pgatour/players/player.32424.james-byrne.html
Bernd Wiesberger,90.9002958524,/content/pgatour/players/player.35461.beau-hossler.html
Derek Lamely,90.9182080398,/content/pgatour/players/player.19824.craig-barlow.html
Daniel Summerhays,91.1834910215,/content/pgatour/players/player.20160.charlie-wi.html
J.P. Hayes,91.3782335012,/content/pgatour/players/player.02244.fred-wadsworth.html
John Senden,91.5279316713,/content/pgatour/players/player.21284.hiroyuki-fujita.html
Brad Fritsch,92.1810626117,/content/pgatour/players/player.01701.bob-lohr.html
Tom Byrum,92.4834865205,/content/pgatour/players/player.20763.pierre-fulke.html
Eric Axley,92.7629695734,/content/pgatour/players/player.20850.daniel-chopra.html
Tim Clark,92.872565403,/content/pgatour/players/player.01897.peter-oosterhuis.html
Jeff Sluman,93.4641860465,/content/pgatour/players/player.28937.george-coetzee.html
Lee Janzen,93.597243097,/content/pgatour/players/player.10809.jim-furyk.html
Nate Lashley,93.7244496058,/content/pgatour/players/player.01334.keith-fergus.html
D.J. Trahan,93.7270313904,/content/pgatour/players/player.33181.charles-frost.html
Greg Norman,93.8901632909,/content/pgatour/players/player.37450.donald-constable.html
Talor Gooch,93.9422887574,/content/pgatour/players/player.25364.paul-casey.html
Bob Tway,93.9425181333,/content/pgatour/players/player.01648.billy-kratzert.html
Hale Irwin,94.1295461516,/content/pgatour/players/player.06575.dudley-hart.html
Webb Simpson,94.1693563737,/content/pgatour/players/player.01736.roger-maltbie.html
David Hearn,94.472998873,/content/pgatour/players/player.20127.chris-riley.html
Rick Lamb,94.478714823,/content/pgatour/players/player.35506.mackenzie-hughes.html
Matthew Fitzpatrick,94.6099370578,/content/pgatour/players/player.28300.joost-luiten.html
Cameron Beckman,94.8159939531,/content/pgatour/players/player.23366.brian-gaffney.html
D.A. Weibring,95.0584845122,/content/pgatour/players/player.26331.charl-schwartzel.html
Ryan Palmer,95.1852159639,/content/pgatour/players/player.28307.matt-every.html
Rory Sabbatini,95.3198485288,/content/pgatour/players/player.21878.mark-wilson.html
Shane Lowry,95.343675984,/content/pgatour/players/player.01495.morris-hatalsky.html
Glen Day,95.7602328876,/content/pgatour/players/player.02255.denis-watson.html
José Coceres,95.7801546224,/content/pgatour/players/player.39324.j-j--spaun.html
Austin Cook,95.8490174144,/content/pgatour/players/player.21407.arjun-atwal.html
Justin Leonard,95.852682102,/content/pgatour/players/player.49771.j-t--poston.html
Max Homa,96.1367156863,/content/pgatour/players/player.34046.jordan-spieth.html
Billy Horschel,96.385571956,/content/pgatour/players/player.29454.bernd-wiesberger.html
Charley Hoffman,96.6096094109,/content/pgatour/players/player.23800.bryce-molder.html
Trey Mullinax,96.732139556,/content/pgatour/players/player.01388.robert-gamez.html
Bob Estes,96.8628660966,/content/pgatour/players/player.01024.billy-andrade.html
Harris English,96.9176761453,/content/pgatour/players/player.01288.ed-dougherty.html
Pat Perez,97.0632684606,/content/pgatour/players/player.02214.kirk-triplett.html
Tim Petrovic,97.0930260274,/content/pgatour/players/player.29484.peter-uihlein.html
Bobby Wyatt,97.1393192018,/content/pgatour/players/player.23623.bo-van-pelt.html
Miguel Angel Carballo,97.1828841449,/content/pgatour/players/player.27778.julien-quesne.html
Andrew Johnston,97.4996995061,/content/pgatour/players/player.25562.andres-romero.html
David Duval,97.5947527246,/content/pgatour/players/player.06251.chris-dimarco.html
Rod Pampling,98.0109847058,/content/pgatour/players/player.20433.mark-hensby.html
Jay Haas,98.2626014623,/content/pgatour/players/player.01695.gene-littler.html
Thomas Pieters,98.3823194901,/content/pgatour/players/player.01569.peter-jacobsen.html
Jimmy Walker,98.5360337223,/content/pgatour/players/player.20593.greg-chalmers.html
Peter Lonard,98.5815440429,/content/pgatour/players/player.25321.lee-slattery.html
Sam Saunders,98.9952651947,/content/pgatour/players/player.39977.max-homa.html
Graeme McDowell,99.1233731328,/content/pgatour/players/player.31416.derek-fathauer.html
Matt Every,99.2437429848,/content/pgatour/players/player.27895.jonas-blixt.html
Jonathan Randolph,99.2544953864,/content/pgatour/players/player.01030.isao-aoki.html
Frank Lickliter II,99.3323785987,/content/pgatour/players/player.20071.darryl-james.html
Adam Schenk,99.391605532,/content/pgatour/players/player.47347.adam-schenk.html
Mike Reid,99.5235284789,/content/pgatour/players/player.33448.justin-thomas.html
Freddie Jacobson,99.5652711607,/content/pgatour/players/player.07003.david-berganio--jr-.html
Matt Bettencourt,99.693011075,/content/pgatour/players/player.34262.jon-curran.html
Ben Martin,100.097703568,/content/pgatour/players/player.48139.austin-peters.html
Nick Taylor,100.650019059,/content/pgatour/players/player.32366.kevin-chappell.html
Curtis Luck,100.888871146,/content/pgatour/players/player.25720.chad-collins.html
Jeff Maggert,100.991954883,/content/pgatour/players/player.02049.gene-sauers.html
Jim Carter,101.199184541,/content/pgatour/players/player.25191.gonzalo-fdez-castano.html
Zac Blair,101.219105932,/content/pgatour/players/player.25277.ryan-haller.html
Nick Price,101.226156213,/content/pgatour/players/player.01945.kenny-perry.html
Jim Furyk,101.294503982,/content/pgatour/players/player.23969.graeme-storm.html
John Cook,101.484282594,/content/pgatour/players/player.37189.harold-varner-iii.html
Denis Watson,101.522180935,/content/pgatour/players/player.30711.colt-knost.html
Ed Dougherty,101.827083403,/content/pgatour/players/player.01290.dale-douglass.html
Tim Herron,101.892791396,/content/pgatour/players/player.02199.peter-thomson.html
Willy Wilcox,102.221504958,/content/pgatour/players/player.34098.russell-henley.html
Larry Mize,102.623495774,/content/pgatour/players/player.01205.jim-colbert.html
Andres Romero,102.683195592,/content/pgatour/players/player.29720.andres-gonzales.html
Michael Bradley,102.69109504,/content/pgatour/players/player.06373.jose-maria-olazabal.html
Ross Fisher,102.787460317,/content/pgatour/players/player.28500.martin-flores.html
Hunter Mahan,102.822652432,/content/pgatour/players/player.28679.fabian-gomez.html
Ryan Moore,102.940264322,/content/pgatour/players/player.36983.matt-dobyns.html
Keegan Bradley,102.967247337,/content/pgatour/players/player.25369.jamie-donaldson.html
Todd Hamilton,103.133489704,/content/pgatour/players/player.12663.phil-tataurangi.html
Hal Sutton,103.159343424,/content/pgatour/players/player.02190.doug-tewell.html
Daniel Berger,103.165925926,/content/pgatour/players/player.12716.charley-hoffman.html
Michael Kim,103.35216504,/content/pgatour/players/player.19972.jose-coceres.html
Stephan Jaeger,103.386094675,/content/pgatour/players/player.27095.nick-watney.html
Jonathan Kaye,103.457831349,/content/pgatour/players/player.24138.ian-poulter.html
Lucas Glover,103.601310524,/content/pgatour/players/player.01846.jodie-mudd.html
Marc Warren,103.70699357,/content/pgatour/players/player.27652.johan-kok.html
Rickie Fowler,103.738501839,/content/pgatour/players/player.26851.marc-leishman.html
Garrett Willis,104.384940331,/content/pgatour/players/player.01378.david-frost.html
Russ Cochran,104.411503333,/content/pgatour/players/player.27408.martin-kaymer.html
Andres Gonzales,104.429273802,/content/pgatour/players/player.20859.anders-hansen.html
Martin Piller,104.780507259,/content/pgatour/players/player.01815.johnny-miller.html
Brendon Todd,104.89515628,/content/pgatour/players/player.26289.boo-weekley.html
Dustin Johnson,105.075432407,/content/pgatour/players/player.21470.daisuke-maruyama.html
Simon Dyson,105.204747409,/content/pgatour/players/player.06332.neal-lancaster.html
Sergio Garcia,105.246357041,/content/pgatour/players/player.10423.mike-weir.html
Gary Player,105.258301118,/content/pgatour/players/player.26758.david-hearn.html
Chris Wood,105.281640443,/content/pgatour/players/player.22056.cameron-percy.html
David Lingmerth,105.310856736,/content/pgatour/players/player.02106.chris-smith.html
Fred Couples,105.356945206,/content/pgatour/players/player.01310.dave-eichelberger.html
Søren Kjeldsen,105.410056583,/content/pgatour/players/player.40098.matthew-fitzpatrick.html
Mark Calcavecchia,105.434748148,/content/pgatour/players/player.01553.john-huston.html
Jason Dufner,105.490539523,/content/pgatour/players/player.01641.gary-koch.html
Steven Bowditch,105.509504878,/content/pgatour/players/player.34360.patrick-reed.html
Bryson DeChambeau,105.600629857,/content/pgatour/players/player.29485.brett-stegmaier.html
Guy Boros,105.692585626,/content/pgatour/players/player.01359.doug-ford.html
Kevin Tway,105.735753709,/content/pgatour/players/player.20686.jeev-milkha-singh.html
Peter Malnati,105.899284512,/content/pgatour/players/player.02213.lee-trevino.html
Bryce Molder,105.916477702,/content/pgatour/players/player.07749.brett-quigley.html
Loren Roberts,106.392753425,/content/pgatour/players/player.25632.jimmy-walker.html
Jon Rahm,106.574817479,/content/pgatour/players/player.24781.hunter-mahan.html
Paul Lawrie,106.726261631,/content/pgatour/players/player.35310.lanto-griffin.html
Bobby Wadkins,106.768917171,/content/pgatour/players/player.35545.blayne-barber.html
Mark Brown,106.774954253,/content/pgatour/players/player.34174.john-huh.html
Sean O'Hair,107.121228684,/content/pgatour/players/player.01996.mike-reid.html
Troy Kelly,107.164058921,/content/pgatour/players/player.24358.robert-garrigus.html
Steven Alker,107.266786472,/content/pgatour/players/player.35450.patrick-cantlay.html
Joe Ogilvie,107.41188325,/content/pgatour/players/player.20691.greg-owen.html
Marcel Siem,107.557346939,/content/pgatour/players/player.01219.john-cook.html
Graham DeLaet,107.571484001,/content/pgatour/players/player.27797.derek-lamely.html
Rory McIlroy,107.862584837,/content/pgatour/players/player.02279.mark-wiebe.html
Richy Werenski,108.178896777,/content/pgatour/players/player.23983.luke-donald.html
Larry Nelson,108.363448622,/content/pgatour/players/player.01268.jim-dent.html
Mark Hensby,108.384221592,/content/pgatour/players/player.01725.john-mahaffey.html
Marc Leishman,108.594314635,/content/pgatour/players/player.02101.joey-sindelar.html
Tag Ridings,108.653589894,/content/pgatour/players/player.08191.paul-broadhurst.html
Brendan Steele,108.679105823,/content/pgatour/players/player.02241.bobby-wadkins.html
Chris Riley,108.85389936,/content/pgatour/players/player.28023.byron-smith.html
Len Mattiace,108.929431038,/content/pgatour/players/player.02201.jim-thorpe.html
Tim Wilkinson,108.986012565,/content/pgatour/players/player.01810.phil-mickelson.html
"Jim Gallagher, Jr.",109.102958422,/content/pgatour/players/player.27436.graham-delaet.html
Chez Reavie,109.105219939,/content/pgatour/players/player.34021.bud-cauley.html
Martin Laird,109.166375828,/content/pgatour/players/player.20645.john-senden.html
Ernie Els,110.183549566,/content/pgatour/players/player.48137.daniel-venezio.html
Martin Kaymer,110.283502825,/content/pgatour/players/player.22913.john-rollins.html
Hudson Swafford,110.6960047,/content/pgatour/players/player.47287.ethan-tracy.html
Andrew Loupe,110.750086762,/content/pgatour/players/player.34242.andrew-johnston.html
J.T. Poston,110.819555316,/content/pgatour/players/player.21731.freddie-jacobson.html
Anders Hansen,110.92499933,/content/pgatour/players/player.27072.alvaro-quiros.html
Steve Jones,110.948254524,/content/pgatour/players/player.08385.omar-uresti.html
Adam Rainaud,110.960633375,/content/pgatour/players/player.46488.adam-rainaud.html
Tom Kite,111.279421435,/content/pgatour/players/player.20157.retief-goosen.html
Emiliano Grillo,111.453821002,/content/pgatour/players/player.40026.daniel-berger.html
Kevin Sutherland,111.489664461,/content/pgatour/players/player.01457.jay-haas.html
Adam Hadwin,111.577468177,/content/pgatour/players/player.33399.adam-hadwin.html
Fred Funk,111.729382716,/content/pgatour/players/player.02033.dave-rummells.html
Miguel Angel Jiménez,111.736733173,/content/pgatour/players/player.01108.julius-boros.html
Heath Slocum,111.839609968,/content/pgatour/players/player.23814.edoardo-molinari.html
Matt Atkins,112.469531643,/content/pgatour/players/player.26951.johnson-wagner.html
Chad Collins,113.33311093,/content/pgatour/players/player.29268.bronson-burgoon.html
Sandy Lyle,114.057990883,/content/pgatour/players/player.06197.michael-allen.html
Peter Hanson,114.087577,/content/pgatour/players/player.01864.larry-nelson.html
Davis Love III,114.217493024,/content/pgatour/players/player.39954.cody-gribble.html
Paul Goydos,114.444279835,/content/pgatour/players/player.02242.lanny-wadkins.html
Ollie Schniederjans,114.520785631,/content/pgatour/players/player.26679.kevin-stadler.html
Lanto Griffin,114.589324816,/content/pgatour/players/player.01175.jim-carter.html
Mikko Ilonen,114.872290573,/content/pgatour/players/player.28258.k-t--kim.html
Tomohiro Kondo,114.884562298,/content/pgatour/players/player.32102.rickie-fowler.html
Brandon Harkins,114.95992245,/content/pgatour/players/player.01197.bobby-clampett.html
Si Woo Kim,115.003877155,/content/pgatour/players/player.23718.nathan-green.html
Gary Stal,115.061908158,/content/pgatour/players/player.20608.david-howell.html
Roberto Díaz,115.185228676,/content/pgatour/players/player.07569.mark-carnevale.html
Steve Marino,115.34894364,/content/pgatour/players/player.29670.pablo-larrazabal.html
William McGirt,115.46765522,/content/pgatour/players/player.27896.ross-fisher.html
Kyle Reifers,115.499760902,/content/pgatour/players/player.08075.jerry-kelly.html
John Peterson,115.896718176,/content/pgatour/players/player.32839.hideki-matsuyama.html
Andy Bean,115.998269901,/content/pgatour/players/player.29425.andrew-svoboda.html
Kiradech Aphibarnrat,116.154494131,/content/pgatour/players/player.01724.jeff-maggert.html
"Wes Short, Jr.",117.071669332,/content/pgatour/players/player.37250.romain-langasque.html
George Coetzee,117.308523239,/content/pgatour/players/player.01706.davis-love-iii.html
Mark Brooks,117.482315367,/content/pgatour/players/player.40068.john-gagai.html
Tyrone Van Aswegen,117.679816307,/content/pgatour/players/player.32200.roberto-castro.html
Tom Watson,117.726341279,/content/pgatour/players/player.29531.richie-ramsay.html
Chip Beck,117.977115751,/content/pgatour/players/player.33948.byeong-hun-an.html
Robert Streb,118.177956622,/content/pgatour/players/player.32262.mark-brown.html
Troy Merritt,118.557940153,/content/pgatour/players/player.26539.robert-rock.html
Brett Drewitt,118.625013721,/content/pgatour/players/player.01143.brad-bryant.html
Jonas Blixt,118.828829263,/content/pgatour/players/player.37092.hyung-sung-kim.html
Adam Scott,119.151574439,/content/pgatour/players/player.24502.adam-scott.html
Byeong Hun An,119.284178069,/content/pgatour/players/player.22789.brian-cairns.html
Blaine McCallister,119.396192628,/content/pgatour/players/player.24924.bill-haas.html
Gary Woodland,119.662362476,/content/pgatour/players/player.34409.david-lingmerth.html
Hank Kuehne,119.855435521,/content/pgatour/players/player.02246.duffy-waldorf.html
Paul Casey,120.276188647,/content/pgatour/players/player.02185.lance-ten-broeck.html
Justin Rose,120.302244231,/content/pgatour/players/player.01869.jack-nicklaus.html
Erik Compton,120.339180986,/content/pgatour/players/player.25834.daniel-summerhays.html
Troy Matteson,120.539564585,/content/pgatour/players/player.19970.robert-karlsson.html
Alex Noren,120.647650477,/content/pgatour/players/player.20472.alex-cejka.html
Mike Hulbert,120.810208333,/content/pgatour/players/player.10860.justin-leonard.html
J.B. Holmes,120.847120557,/content/pgatour/players/player.11032.frank-lickliter-ii.html
Phil Tataurangi,120.898140854,/content/pgatour/players/player.02195.leonard-thompson.html
Stan Utley,120.986539852,/content/pgatour/players/player.25493.nick-taylor.html
Bobby Nichols,121.244640093,/content/pgatour/players/player.01771.blaine-mccallister.html
Nathan Green,121.264881133,/content/pgatour/players/player.35879.kelly-kraft.html
Thomas Bjørn,121.600296441,/content/pgatour/players/player.22792.peter-hanson.html
John Huh,121.960167564,/content/pgatour/players/player.21805.harrison-frazar.html
Richard Sterne,122.132603254,/content/pgatour/players/player.32888.lucas-lee.html
Camilo Villegas,122.275118374,/content/pgatour/players/player.31560.brian-stuard.html
David Frost,122.468023212,/content/pgatour/players/player.01943.chris-perry.html
Charles Howell III,122.823939025,/content/pgatour/players/player.01353.bruce-fleisher.html
Tommy Armour III,122.858046652,/content/pgatour/players/player.47128.richy-werenski.html
Patrick Rodgers,123.263423647,/content/pgatour/players/player.29476.kyle-reifers.html
Brian Henninger,123.45474419,/content/pgatour/players/player.27649.brandt-snedeker.html
John Huston,123.4586984,/content/pgatour/players/player.22293.heath-slocum.html
J.L. Lewis,123.647955692,/content/pgatour/players/player.01381.fred-funk.html
Sung Kang,123.73521724,/content/pgatour/players/player.01042.paul-azinger.html
Whee Kim,123.900654725,/content/pgatour/players/player.01093.ronnie-black.html
Gene Littler,124.189230976,/content/pgatour/players/player.21099.david-lynn.html
Dicky Pride,124.403469983,/content/pgatour/players/player.02133.craig-stadler.html
Omar Uresti,124.434551702,/content/pgatour/players/player.27214.kevin-streelman.html
Robert Garrigus,124.670162318,/content/pgatour/players/player.25335.marcus-both.html
Bill Glasson,124.886306061,/content/pgatour/players/player.01235.ben-crenshaw.html
Bronson Burgoon,124.907046929,/content/pgatour/players/player.30927.brendon-todd.html
Ronnie Black,124.928428404,/content/pgatour/players/player.01887.mark-o-meara.html
Zack Sucher,125.446790879,/content/pgatour/players/player.47225.ryan-kennedy.html
Cameron Percy,125.572148708,/content/pgatour/players/player.19846.brian-gay.html
Roger Maltbie,125.682755762,/content/pgatour/players/player.36801.mark-hubbard.html
Ricky Barnes,125.747551903,/content/pgatour/players/player.26668.marc-turnesa.html
Ryan Blaum,126.216223644,/content/pgatour/players/player.47125.matt-atkins.html
Brett Wetterich,126.659139509,/content/pgatour/players/player.29740.brad-fritsch.html
Alan Morin,126.662860725,/content/pgatour/players/player.34575.adrian-otaegui.html
Boo Weekley,127.203272046,/content/pgatour/players/player.06809.bob-burns.html
Parker McLachlin,127.246442422,/content/pgatour/players/player.30978.kiradech-aphibarnrat.html
Joey Sindelar,127.437876671,/content/pgatour/players/player.02170.hal-sutton.html
Jerry Kelly,127.465410792,/content/pgatour/players/player.24490.george-mcneill.html
Edoardo Molinari,127.574867479,/content/pgatour/players/player.01361.dan-forsman.html
Phil Mickelson,127.690724696,/content/pgatour/players/player.01761.len-mattiace.html
Richard Johnson,127.903165348,/content/pgatour/players/player.25900.lucas-glover.html
Willie Wood,128.131521765,/content/pgatour/players/player.01203.russ-cochran.html
Donnie Hammond,128.336857011,/content/pgatour/players/player.02159.curtis-strange.html
Derek Fathauer,128.742610887,/content/pgatour/players/player.01928.corey-pavin.html
Morris Hatalsky,128.947464182,/content/pgatour/players/player.01200.keith-clearwater.html
Charl Schwartzel,129.203682448,/content/pgatour/players/player.36689.brooks-koepka.html
Matt Kuchar,129.313112521,/content/pgatour/players/player.20094.jonathan-kaye.html
Trevor Immelman,129.407639501,/content/pgatour/players/player.19881.robert-damron.html
K.T. Kim,129.977580864,/content/pgatour/players/player.29256.james-morrison.html
Jay Delsing,129.980623907,/content/pgatour/players/player.31323.gary-woodland.html
Tommy Fleetwood,130.007782039,/content/pgatour/players/player.01331.rick-fehr.html
Andrew Magee,130.036694609,/content/pgatour/players/player.33410.andrew-landry.html
Jamie Lovemark,130.268902986,/content/pgatour/players/player.02321.fuzzy-zoeller.html
Abraham Ancer,131.145224072,/content/pgatour/players/player.45526.abraham-ancer.html
Cameron Tringale,131.325078958,/content/pgatour/players/player.06617.brian-henninger.html
Kenny Perry,131.333085597,/content/pgatour/players/player.25686.jason-dufner.html
Ted Schulz,131.447191039,/content/pgatour/players/player.08375.paul-stankowski.html
Robin Freeman,131.481979957,/content/pgatour/players/player.40066.mark-costaregni.html
Greg Kraft,131.486803862,/content/pgatour/players/player.01960.don-pooley.html
Rick Fehr,131.618991485,/content/pgatour/players/player.27129.luke-list.html
Kelly Kraft,132.515809063,/content/pgatour/players/player.24507.jason-bohn.html
Darryl James,132.69036795,/content/pgatour/players/player.02015.chi-chi-rodriguez.html
Daniel Chopra,132.745542958,/content/pgatour/players/player.32334.charlie-beljan.html
Brandt Jobe,133.150258905,/content/pgatour/players/player.01820.bobby-mitchell.html
Brett Quigley,133.416098236,/content/pgatour/players/player.01329.brad-faxon.html
Seung-Yul Noh,133.422794687,/content/pgatour/players/player.24956.mikko-ilonen.html
Andy Sullivan,133.678773163,/content/pgatour/players/player.01068.andy-bean.html
Lee Westwood,134.03054824,/content/pgatour/players/player.31557.jim-herman.html
Roberto Castro,134.192559672,/content/pgatour/players/player.01161.mark-calcavecchia.html
Hiroyuki Fujita,134.223215834,/content/pgatour/players/player.01425.ernie-gonzalez.html
Ryan Armour,134.338882486,/content/pgatour/players/player.40063.martin-verdegaal.html
Joey Snyder III,134.517080747,/content/pgatour/players/player.01559.hale-irwin.html
Nicholas Lindheim,134.543200616,/content/pgatour/players/player.01444.ken-green.html
Ron Streck,134.5701683,/content/pgatour/players/player.01783.mark-mccumber.html
Xinjun Zhang,134.628053345,/content/pgatour/players/player.27958.ryan-blaum.html
Bernhard Langer,134.842669493,/content/pgatour/players/player.23541.ben-crane.html
Danny Willett,134.874019444,/content/pgatour/players/player.34563.chesson-hadley.html
Steve Stricker,134.967176779,/content/pgatour/players/player.24449.parker-mclachlin.html
Mark Wilson,135.876876019,/content/pgatour/players/player.35541.john-peterson.html
Will Claxton,135.902055963,/content/pgatour/players/player.28237.rory-mcilroy.html
Chesson Hadley,135.932056912,/content/pgatour/players/player.37670.bud-brown.html
Brooks Koepka,135.933701066,/content/pgatour/players/player.48138.brent-snyder.html
Brad Faxon,136.128466165,/content/pgatour/players/player.01414.bob-gilder.html
Woody Austin,136.676352168,/content/pgatour/players/player.33122.russell-knox.html
Andy North,136.718210512,/content/pgatour/players/player.35544.andrew-yun.html
Robert Rock,136.788576524,/content/pgatour/players/player.22313.mark-brown.html
Mark Hubbard,137.062997617,/content/pgatour/players/player.27933.john-merrick.html
Kevin Kisner,137.113572474,/content/pgatour/players/player.30944.jason-kokrak.html
Kyle Thompson,137.300540568,/content/pgatour/players/player.02110.jerry-smith.html
Ryo Ishikawa,137.345446798,/content/pgatour/players/player.26300.matt-jones.html
Bob Sowards,137.433691342,/content/pgatour/players/player.29222.billy-hurley-iii.html
Brian Cairns,137.610986633,/content/pgatour/players/player.27437.brandon-askew.html
Steve Elkington,137.874413692,/content/pgatour/players/player.01139.olin-browne.html
Curt Byrum,137.917729718,/content/pgatour/players/player.12510.chad-campbell.html
Johnson Wagner,137.948749133,/content/pgatour/players/player.01443.hubert-green.html
Duffy Waldorf,137.979635637,/content/pgatour/players/player.23788.d-j--trahan.html
Bill Lunde,138.161026204,/content/pgatour/players/player.01528.ben-hogan.html
Shawn Stefani,138.694961537,/content/pgatour/players/player.28775.nate-lashley.html
Scott Verplank,138.827885475,/content/pgatour/players/player.01549.mike-hulbert.html
Mark Hayes,138.866314091,/content/pgatour/players/player.01557.john-inman.html
Jamie Donaldson,138.921668242,/content/pgatour/players/player.01014.fulton-allem.html
Ernie Gonzalez,139.124114011,/content/pgatour/players/player.01305.danny-edwards.html
Hennie Otto,139.407824484,/content/pgatour/players/player.40062.emile-vaughan.html
Fabián Gómez,139.675087647,/content/pgatour/players/player.32139.danny-willett.html
Bo Van Pelt,139.805420847,/content/pgatour/players/player.01133.billy-ray-brown.html
Kyle Stanley,139.839371308,/content/pgatour/players/player.01925.jerry-pate.html
Koumei Oda,139.846168456,/content/pgatour/players/player.28475.jeff-overton.html
Johan Kok,139.983865321,/content/pgatour/players/player.23552.hank-kuehne.html
Mark O'Meara,140.13081542,/content/pgatour/players/player.20112.john-morgan.html
John Daly,140.561007631,/content/pgatour/players/player.34099.harris-english.html
Victor Dubuisson,141.072230521,/content/pgatour/players/player.01374.robin-freeman.html
Justin Hicks,141.123040284,/content/pgatour/players/player.08537.j-p--hayes.html
Ben Silverman,141.601713338,/content/pgatour/players/player.01142.bart-bryant.html
David Lynn,141.692189831,/content/pgatour/players/player.27963.chris-stroud.html
Tom Hoge,141.798353909,/content/pgatour/players/player.26499.rafa-cabrera-bello.html
Jonathan Byrd,142.1626556,/content/pgatour/players/player.10565.ian-leggatt.html
Andrew Yun,142.349240576,/content/pgatour/players/player.34256.andrew-putnam.html
Bob Gilder,142.41222188,/content/pgatour/players/player.01177.billy-casper.html
Billy Casper,142.635683749,/content/pgatour/players/player.39327.ben-silverman.html
Tom Lehman,143.371469444,/content/pgatour/players/player.40067.rex-hughes.html
Jerry Smith,143.906825126,/content/pgatour/players/player.40064.gerry-simoni.html
Jay Don Blake,144.049564444,/content/pgatour/players/player.32493.gary-stal.html
S.J. Park,144.472994705,/content/pgatour/players/player.33199.matteo-manassero.html
Bubba Watson,144.618839348,/content/pgatour/players/player.23322.brett-wetterich.html
D.A. Points,144.794025671,/content/pgatour/players/player.29078.chan-shih-chang.html
Luke List,144.979095317,/content/pgatour/players/player.34076.joel-dahmen.html
Scott Stallings,145.044130593,/content/pgatour/players/player.07941.mike-grob.html
Grant Waite,145.053483916,/content/pgatour/players/player.01755.dick-mast.html
Gene Sauers,145.085593583,/content/pgatour/players/player.02206.david-toms.html
Louis Oosthuizen,145.452110076,/content/pgatour/players/player.32878.jin-jeong.html
Hideto Tanihara,145.707291135,/content/pgatour/players/player.06522.ernie-els.html
Padraig Harrington,145.739117033,/content/pgatour/players/player.32333.kevin-tway.html
Scott Piercy,146.371736148,/content/pgatour/players/player.19958.miguel-angel-jimenez.html
Briny Baird,147.152861144,/content/pgatour/players/player.23638.brendon-de-jonge.html
Brad Bryant,147.475262728,/content/pgatour/players/player.01320.bob-estes.html
Dale Douglass,147.665980796,/content/pgatour/players/player.21961.charles-howell-iii.html
John Rollins,147.69293146,/content/pgatour/players/player.21498.hideto-tanihara.html
Bob Murphy,147.710978725,/content/pgatour/players/player.29420.billy-horschel.html
Lucas Lee,148.04773271,/content/pgatour/players/player.06621.joe-durant.html
Scott Brown,148.29637642,/content/pgatour/players/player.12388.michael-clark-ii.html
Dick Mast,148.483404341,/content/pgatour/players/player.01920.craig-parry.html
Ted Purdy,148.496975911,/content/pgatour/players/player.19904.paul-lawrie.html
Darren Clarke,148.642401834,/content/pgatour/players/player.26476.chez-reavie.html
Jim Colbert,149.16685,/content/pgatour/players/player.26525.gregory-bourdy.html
Alex Cejka,149.204623001,/content/pgatour/players/player.26500.alejandro-canizares.html
Marco Dawson,149.251998058,/content/pgatour/players/player.01249.john-daly.html
Kevin Stadler,149.376395261,/content/pgatour/players/player.01098.jay-don-blake.html
Isao Aoki,149.415601242,/content/pgatour/players/player.01214.frank-conner.html
K.J. Choi,149.786463848,/content/pgatour/players/player.32448.james-hahn.html
Fred Wadsworth,150.078956827,/content/pgatour/players/player.02152.dave-stockton.html
Fuzzy Zoeller,150.320777068,/content/pgatour/players/player.01306.david-edwards.html
Ian Poulter,150.445950395,/content/pgatour/players/player.25198.francesco-molinari.html
Thaworn Wiratchant,151.3328,/content/pgatour/players/player.02146.payne-stewart.html
Kirk Triplett,151.349880466,/content/pgatour/players/player.34357.jeff-olson.html
Sebastián Muñoz,151.35958859,/content/pgatour/players/player.02131.mike-springer.html
Henrik Stenson,151.851252647,/content/pgatour/players/player.23048.eric-axley.html
Henrik Norlander,151.877325346,/content/pgatour/players/player.31646.emiliano-grillo.html
Jim Herman,151.889671771,/content/pgatour/players/player.33545.grant-sturgeon.html
Hideki Matsuyama,152.155893051,/content/pgatour/players/player.24494.erik-compton.html
Rich Beem,152.413142593,/content/pgatour/players/player.33803.lucas-bjerregaard.html
James Hahn,152.419153873,/content/pgatour/players/player.20367.fredrik-andersson-hed.html
Tommy Gainey,152.461303213,/content/pgatour/players/player.46732.rick-lamb.html
Alexander Levy,152.515322898,/content/pgatour/players/player.27349.alex-noren.html
Keith Fergus,152.655428369,/content/pgatour/players/player.26881.jarrod-lyle.html
Kris Blanks,152.821898259,/content/pgatour/players/player.02104.jeff-sluman.html
Yuta Ikeda,152.948235775,/content/pgatour/players/player.29936.ryan-fox.html
Zecheng Dou,153.068598174,/content/pgatour/players/player.26596.ryan-moore.html
Chris Smith,153.121587158,/content/pgatour/players/player.29908.c-t--pan.html
Arron Oberholser,153.435861609,/content/pgatour/players/player.29718.anthony-kim.html
Joel Edwards,154.08676268,/content/pgatour/players/player.06214.guy-boros.html
George McNeill,154.350198413,/content/pgatour/players/player.33974.dean-burmester.html
Peter Uihlein,154.375805144,/content/pgatour/players/player.20396.lee-westwood.html
Scott McCarron,154.961187981,/content/pgatour/players/player.28093.miguel-angel-carballo.html
John Morse,155.007971598,/content/pgatour/players/player.21528.henrik-stenson.html
C.T. Pan,155.503014685,/content/pgatour/players/player.21753.brian-davis.html
Aaron Baddeley,155.842076798,/content/pgatour/players/player.22371.aaron-baddeley.html
Brian Stuard,156.274034911,/content/pgatour/players/player.23725.brendan-jones.html
Doug Ford,156.583663718,/content/pgatour/players/player.25240.d-a--points.html
Rocco Mediate,156.852219661,/content/pgatour/players/player.01499.mark-hayes.html
Sangmoon Bae,157.472217386,/content/pgatour/players/player.01116.michael-bradley.html
Scott Jamieson,157.931501912,/content/pgatour/players/player.32150.michael-thompson.html
Ryuji Imada,158.478175247,/content/pgatour/players/player.23108.matt-kuchar.html
Lee Williams,158.679134478,/content/pgatour/players/player.06090.jim-mcgovern.html
Steve Pate,158.699902241,/content/pgatour/players/player.20766.padraig-harrington.html
Neal Lancaster,158.861288588,/content/pgatour/players/player.20104.ken-duke.html
Tony Jacklin,159.272639975,/content/pgatour/players/player.27899.rikard-karlberg.html
Robert Allenby,159.307040655,/content/pgatour/players/player.25841.marc-warren.html
Scott Simpson,159.733939256,/content/pgatour/players/player.01284.mike-donald.html
Robert Karlsson,160.548947038,/content/pgatour/players/player.01132.mark-brooks.html
Wayne Levi,161.15519692,/content/pgatour/players/player.20572.rod-pampling.html
Shane Bertsch,161.179159628,/content/pgatour/players/player.33461.morgan-hoffmann.html
Jesper Parnevik,161.448765949,/content/pgatour/players/player.01837.gil-morgan.html
Keith Clearwater,161.898831753,/content/pgatour/players/player.29461.jamie-lovemark.html
Dave Rummells,162.606395164,/content/pgatour/players/player.01072.chip-beck.html
Byron Smith,162.800788817,/content/pgatour/players/player.46443.brian-campbell.html
Danny Lee,163.00782258,/content/pgatour/players/player.39826.cheng-jin.html
Billy Andrade,163.017370688,/content/pgatour/players/player.33413.ben-martin.html
Don Pooley,163.290008147,/content/pgatour/players/player.37380.curtis-luck.html
Francesco Molinari,163.362770809,/content/pgatour/players/player.19825.darren-clarke.html
David Edwards,164.437214181,/content/pgatour/players/player.30926.chris-kirk.html
Ben Crenshaw,164.725275808,/content/pgatour/players/player.33870.ashun-wu.html
Ben Curtis,165.24005601,/content/pgatour/players/player.46435.austin-cook.html
Robert Damron,165.689034118,/content/pgatour/players/player.23481.marcel-siem.html
Tom Gillis,166.250185054,/content/pgatour/players/player.24039.prom-meesawat.html
Mike McCullough,167.032395625,/content/pgatour/players/player.22405.justin-rose.html
Paul Stankowski,167.100286245,/content/pgatour/players/player.01823.larry-mize.html
Dominic Bozzelli,167.192009572,/content/pgatour/players/player.01156.curt-byrum.html
Jim McGovern,167.92989418,/content/pgatour/players/player.02245.grant-waite.html
José María Olazábal,168.214721301,/content/pgatour/players/player.23353.j-j--henry.html
Lee Trevino,168.645172274,/content/pgatour/players/player.01385.jim-gallagher--jr-.html
Dave Eichelberger,168.838045813,/content/pgatour/players/player.29064.chih-wei-lu.html
Matteo Manassero,169.660312506,/content/pgatour/players/player.34358.jonathan-randolph.html
Anthony Kim,170.269951414,/content/pgatour/players/player.35314.andy-sullivan.html
Xander Schauffele,170.38724626,/content/pgatour/players/player.19803.ryan-armour.html
Corey Pavin,172.789707883,/content/pgatour/players/player.25345.carl-pettersson.html
Jim Dent,172.88146496,/content/pgatour/players/player.25572.graeme-mcdowell.html
Gary Koch,172.974853988,/content/pgatour/players/player.01436.david-graham.html
Patrick Reed,173.944479945,/content/pgatour/players/player.28087.kris-blanks.html
Greg Chalmers,174.398243802,/content/pgatour/players/player.40009.dominic-bozzelli.html
Dudley Hart,174.837629198,/content/pgatour/players/player.02267.d-a--weibring.html
Brian Davis,175.749108205,/content/pgatour/players/player.35421.brandon-harkins.html
Robert Gamez,175.756878173,/content/pgatour/players/player.06034.marco-dawson.html
Andrew Svoboda,175.853711639,/content/pgatour/players/player.01723.andrew-magee.html
Nicolas Colsaerts,176.251002935,/content/pgatour/players/player.29478.kevin-kisner.html
Jim Thorpe,176.32874107,/content/pgatour/players/player.34213.grayson-murray.html
Y.E. Yang,176.523611581,/content/pgatour/players/player.28420.ryan-brehm.html
Phil Blackmar,176.858219868,/content/pgatour/players/player.28310.lee-williams.html
Rafa Cabrera Bello,177.032367141,/content/pgatour/players/player.02010.loren-roberts.html
Alejandro Cañizares,177.565543683,/content/pgatour/players/player.23091.alan-morin.html
Pablo Larrazabal,177.787840136,/content/pgatour/players/player.06595.kevin-sutherland.html
Charlie Wi,178.107792847,/content/pgatour/players/player.25804.bubba-watson.html
Marc Turnesa,178.367601537,/content/pgatour/players/player.21951.joey-snyder-iii.html
Bobby Clampett,178.652084539,/content/pgatour/players/player.01766.billy-mayfair.html
Fulton Allem,179.052763282,/content/pgatour/players/player.09011.david-duval.html
Tom Purtzer,179.609349695,/content/pgatour/players/player.24459.richard-sterne.html
Carlos Franco,180.835405653,/content/pgatour/players/player.29535.brice-garnett.html
Joost Luiten,181.308640817,/content/pgatour/players/player.27141.j-b--holmes.html
Alvaro Quiros,181.30962963,/content/pgatour/players/player.34579.alexander-levy.html
Stephen Ames,182.199942802,/content/pgatour/players/player.23452.nicolas-colsaerts.html
Conrad Shindler,183.525519849,/content/pgatour/players/player.27770.camilo-villegas.html
Anirban Lahiri,184.200783507,/content/pgatour/players/player.01878.andy-north.html
Harold Varner III,185.07517742,/content/pgatour/players/player.30925.dustin-johnson.html
Tom Pernice Jr.,185.164817365,/content/pgatour/players/player.26420.richard-johnson.html
Olin Browne,185.433497712,/content/pgatour/players/player.25396.kevin-na.html
Hyung-Sung Kim,187.332351701,/content/pgatour/players/player.29939.fabrizio-zanotti.html
Scott Gardiner,187.700791349,/content/pgatour/players/player.39975.michael-kim.html
Shaun Micheel,188.250133058,/content/pgatour/players/player.32694.morten-orum-madsen.html
Vijay Singh,189.019712445,/content/pgatour/players/player.01797.rocco-mediate.html
Tony Finau,189.335710088,/content/pgatour/players/player.24846.ricky-barnes.html
J.J. Spaun,190.478535883,/content/pgatour/players/player.01226.fred-couples.html
Harrison Frazar,191.705614295,/content/pgatour/players/player.34709.eddie-pepperell.html
Bruce Lietzke,191.839179262,/content/pgatour/players/player.28327.brett-jones.html
Jeev Milkha Singh,193.384218297,/content/pgatour/players/player.05546.gene-sarazen.html
SSP Chawrasia,193.460546321,/content/pgatour/players/player.01968.nick-price.html
Gonzalo Fdez-Castaño,193.544432757,/content/pgatour/players/player.37273.derek-ernst.html
Ángel Cabrera,194.012033919,/content/pgatour/players/player.20848.angel-cabrera.html
"David Berganio, Jr.",194.400339552,/content/pgatour/players/player.11123.chris-couch.html
Tiger Woods,196.514214121,/content/pgatour/players/player.34466.peter-malnati.html
Jason Day,198.712426954,/content/pgatour/players/player.01468.gary-hallberg.html
Jhonattan Vegas,200.053335498,/content/pgatour/players/player.08931.glen-day.html
,,/content/pgatour/players/player.23320.ryan-palmer.html
,,/content/pgatour/players/player.30852.ryo-ishikawa.html
,,/content/pgatour/players/player.21350.ryuji-imada.html
,,/content/pgatour/players/player.34130.s-j--park.html
,,/content/pgatour/players/player.22986.soren-kjeldsen.html
,,/content/pgatour/players/player.47504.sam-burns.html
,,/content/pgatour/players/player.40061.sam-manning.html
,,/content/pgatour/players/player.37275.sam-ryder.html
,,/content/pgatour/players/player.29223.sam-saunders.html
,,/content/pgatour/players/player.02119.sam-snead.html
,,/content/pgatour/players/player.01717.sandy-lyle.html
,,/content/pgatour/players/player.28259.sangmoon-bae.html
,,/content/pgatour/players/player.29479.scott-brown.html
,,/content/pgatour/players/player.24399.scott-gardiner.html
,,/content/pgatour/players/player.01527.scott-hoch.html
,,/content/pgatour/players/player.31138.scott-jamieson.html
,,/content/pgatour/players/player.34261.scott-langley.html
,,/content/pgatour/players/player.10585.scott-mccarron.html
,,/content/pgatour/players/player.25818.scott-piercy.html
,,/content/pgatour/players/player.02099.scott-simpson.html
,,/content/pgatour/players/player.30692.scott-stallings.html
,,/content/pgatour/players/player.02239.scott-verplank.html
,,/content/pgatour/players/player.28252.seamus-power.html
,,/content/pgatour/players/player.32485.sean-dougherty.html
,,/content/pgatour/players/player.24140.sean-o-hair.html
,,/content/pgatour/players/player.48822.sebastian-munoz.html
,,/content/pgatour/players/player.21209.sergio-garcia.html
,,/content/pgatour/players/player.29289.seung-yul-noh.html
,,/content/pgatour/players/player.10505.shane-bertsch.html
,,/content/pgatour/players/player.33204.shane-lowry.html
,,/content/pgatour/players/player.06515.shaun-micheel.html
,,/content/pgatour/players/player.33418.shawn-stefani.html
,,/content/pgatour/players/player.12680.shigeki-maruyama.html
,,/content/pgatour/players/player.37455.si-woo-kim.html
,,/content/pgatour/players/player.24512.simon-dyson.html
,,/content/pgatour/players/player.01619.skip-kendall.html
,,/content/pgatour/players/player.46440.smylie-kaufman.html
,,/content/pgatour/players/player.34168.soomin-lee.html
,,/content/pgatour/players/player.27466.spencer-levin.html
,,/content/pgatour/players/player.08339.spike-mcroy.html
,,/content/pgatour/players/player.25203.ssp-chawrasia.html
,,/content/pgatour/players/player.02230.stan-utley.html
,,/content/pgatour/players/player.36799.stephan-jaeger.html
,,/content/pgatour/players/player.06004.stephen-ames.html
,,/content/pgatour/players/player.20376.stephen-gallacher.html
,,/content/pgatour/players/player.01313.steve-elkington.html
,,/content/pgatour/players/player.07457.steve-flesch.html
,,/content/pgatour/players/player.01599.steve-jones.html
,,/content/pgatour/players/player.01707.steve-lowery.html
,,/content/pgatour/players/player.28158.steve-marino.html
,,/content/pgatour/players/player.01926.steve-pate.html
,,/content/pgatour/players/player.06527.steve-stricker.html
,,/content/pgatour/players/player.25892.steve-wheatcroft.html
,,/content/pgatour/players/player.20771.steven-alker.html
,,/content/pgatour/players/player.25274.steven-bowditch.html
,,/content/pgatour/players/player.22746.steven-young.html
,,/content/pgatour/players/player.20229.stewart-cink.html
,,/content/pgatour/players/player.20098.stuart-appleby.html
,,/content/pgatour/players/player.33233.sung-ho-lee.html
,,/content/pgatour/players/player.27974.sung-kang.html
,,/content/pgatour/players/player.23497.tag-ridings.html
,,/content/pgatour/players/player.46402.talor-gooch.html
,,/content/pgatour/players/player.27556.ted-potter--jr-.html
,,/content/pgatour/players/player.21959.ted-purdy.html
,,/content/pgatour/players/player.02067.ted-schulz.html
,,/content/pgatour/players/player.01275.terry-diehl.html
,,/content/pgatour/players/player.22110.thaworn-wiratchant.html
,,/content/pgatour/players/player.10944.thomas-bjorn.html
,,/content/pgatour/players/player.33293.thomas-pieters.html
,,/content/pgatour/players/player.24511.thongchai-jaidee.html
,,/content/pgatour/players/player.08793.tiger-woods.html
,,/content/pgatour/players/player.23135.tim-clark.html
,,/content/pgatour/players/player.12782.tim-herron.html
,,/content/pgatour/players/player.01948.tim-petrovic.html
,,/content/pgatour/players/player.02100.tim-simpson.html
,,/content/pgatour/players/player.25349.tim-wilkinson.html
,,/content/pgatour/players/player.01473.todd-hamilton.html
,,/content/pgatour/players/player.40060.todd-hendley.html
,,/content/pgatour/players/player.01157.tom-byrum.html
,,/content/pgatour/players/player.08725.tom-gillis.html
,,/content/pgatour/players/player.40059.tom-hale.html
,,/content/pgatour/players/player.35532.tom-hoge.html
,,/content/pgatour/players/player.01578.tom-jenkins.html
,,/content/pgatour/players/player.01633.tom-kite.html
,,/content/pgatour/players/player.01677.tom-lehman.html
,,/content/pgatour/players/player.50526.tom-lovelady.html
,,/content/pgatour/players/player.01941.tom-pernice-jr-.html
,,/content/pgatour/players/player.01975.tom-purtzer.html
,,/content/pgatour/players/player.02256.tom-watson.html
,,/content/pgatour/players/player.01035.tommy-armour-iii.html
,,/content/pgatour/players/player.30911.tommy-fleetwood.html
,,/content/pgatour/players/player.30750.tommy-gainey.html
,,/content/pgatour/players/player.22032.tomohiro-kondo.html
,,/content/pgatour/players/player.29725.tony-finau.html
,,/content/pgatour/players/player.06306.tony-jacklin.html
,,/content/pgatour/players/player.20935.toru-taniguchi.html
,,/content/pgatour/players/player.27118.toshinori-muto.html
,,/content/pgatour/players/player.01282.trevor-dodds.html
,,/content/pgatour/players/player.22378.trevor-immelman.html
,,/content/pgatour/players/player.46601.trey-mullinax.html
,,/content/pgatour/players/player.28308.troy-kelly.html
,,/content/pgatour/players/player.27120.troy-matteson.html
,,/content/pgatour/players/player.32640.troy-merritt.html
,,/content/pgatour/players/player.29745.tyler-aldridge.html
,,/content/pgatour/players/player.28132.tyrone-van-aswegen.html
,,/content/pgatour/players/player.34363.tyrrell-hatton.html
,,/content/pgatour/players/player.23325.vaughn-taylor.html
,,/content/pgatour/players/player.28339.victor-dubuisson.html
,,/content/pgatour/players/player.06567.vijay-singh.html
,,/content/pgatour/players/player.15388.walter-hagen.html
,,/content/pgatour/players/player.01682.wayne-levi.html
,,/content/pgatour/players/player.29221.webb-simpson.html
,,/content/pgatour/players/player.35732.wes-roach.html
,,/content/pgatour/players/player.07013.wes-short--jr-.html
,,/content/pgatour/players/player.48084.wesley-bryan.html
,,/content/pgatour/players/player.37454.whee-kim.html
,,/content/pgatour/players/player.28455.will-claxton.html
,,/content/pgatour/players/player.24912.will-mackenzie.html
,,/content/pgatour/players/player.31202.william-mcgirt.html
,,/content/pgatour/players/player.02294.willie-wood.html
,,/content/pgatour/players/player.34265.willy-wilcox.html
,,/content/pgatour/players/player.07867.woody-austin.html
,,/content/pgatour/players/player.48081.xander-schauffele.html
,,/content/pgatour/players/player.32254.xinjun-zhang.html
,,/content/pgatour/players/player.24663.y-e--yang.html
,,/content/pgatour/players/player.29833.yoshinori-fujimoto.html
,,/content/pgatour/players/player.36521.young-han-song.html
,,/content/pgatour/players/player.26908.yuta-ikeda.html
,,/content/pgatour/players/player.40058.zac-blair.html
,,/content/pgatour/players/player.24024.zach-johnson.html
,,/content/pgatour/players/player.33449.zack-sucher.html
,,/content/pgatour/players/player.37338.zecheng-dou.html
